{
  "siteKitty": 10000,
  "salesAgents": [
    {
      "id": "A1",
      "performanceScore": 95,
      "seniorityMonths": 30,
      "targetAchievedPercent": 98,
      "activeClients": 18
    },
    {
      "id": "A2",
      "performanceScore": 88,
      "seniorityMonths": 15,
      "targetAchievedPercent": 85,
      "activeClients": 11
    },
    {
      "id": "A3",
      "performanceScore": 75,
      "seniorityMonths": 9,
      "targetAchievedPercent": 65,
      "activeClients": 7
    },
    {
      "id": "A4",
      "performanceScore": 45,
      "seniorityMonths": 4,
      "targetAchievedPercent": 35,
      "activeClients": 3
    },
    {
      "id": "A5",
      "performanceScore": 55,
      "seniorityMonths": 20,
      "targetAchievedPercent": 55,
      "activeClients": 6
    },
    {
      "id": "A6",
      "performanceScore": 58,
      "seniorityMonths": 10,
      "targetAchievedPercent": 94,
      "activeClients": 8
    },
    {
      "id": "A7",
      "performanceScore": 53,
      "seniorityMonths": 11,
      "targetAchievedPercent": 62,
      "activeClients": 14
    },
    {
      "id": "A8",
      "performanceScore": 82,
      "seniorityMonths": 13,
      "targetAchievedPercent": 76,
      "activeClients": 12
    }
  ]
}

